electionyear;ideology;spec_eu;policy;party_char;nationalism
2014;7,35;3,6;9;9;10
2014;8;6,2;6,6;6,2;9
2014;2,5;5,5;2,1;2,6;2,25
2014;7,3;6,6;4,75;1,6;3
2014;5,6;6,2;3,86;4,6;4,5
2014;2,9;5,6;2,45;2,6;2,25
2014;2,2;5,2;1,3;3;1
2014;0,3;2,25;1,81;8,4;1
2014;5,5;6,3;4,8;2;5,25
2014;2,1;5,2;1,45;3;1
2014;4,3;6,3;4;2;4,25
2014;7,4;6,6;5;1,6;3
2014;8,12;3;8,38;6,5;10
2013;7,67;1,62;9,62;9,11;9,89
2013;7,27;6,14;3,43;0,9;3,4
2013;8,63;2,6;8,86;7,78;8,7
2013;1,24;2,91;3,61;5,4;3,7
2013;3,33;3,75;1,25;10;0
2013;3,25;4,75;1,75;6,86;1,25
2013;6,66;5,42;7,36;2;6,6
2013;3,63;5,95;3,55;1,3;3,3
2013;5,92;6,23;5,76;0,8;4,7
2013;3,56;5,91;1,77;2;1,4
2013;5,29;5,93;6,04;1,5;6,5
2013;6,5;6,75;5;1;3,75
2013;4,67;6;4,22;4;5
2013;4,07;6;3,39;4,4;3,4
2013;6,86;4,5;7,2;4;7,2
2013;8,07;1,35;8,56;8,8;9,6
2013;6,71;2,2;8,31;6,25;9,4
2013;1;2,58;2,04;6,8;2
2013;4,05;1,72;4,53;10;3,8
2013;5;6,12;4,62;3,33;4,67
2013;5,2;6;4,62;5;6,67
2013;0,21;1,6;1,52;9,33;2,25
2013;6,07;5,33;6,95;2,2;6,6
2013;7,5;2,6;7,99;6,89;8,3
2013;3,35;5,22;4,15;2,3;4,1
2013;2,9;5,35;1,44;4,8;1,6
2013;6,25;6,15;6,45;1,6;6,2
2013;7,75;3,42;7,49;7,9;6,75
2013;6,8;6,04;3,08;6,2;2,7
2013;7,1;2,2;9,37;8;9,4
2014;7,45;5,29;2,47;2,05;3
2014;7,26;6,49;2,61;1,95;2,78
2014;6,58;1,26;9,4;8,89;9,78
2014;3,6;4,43;2,46;1,95;3,33
2014;3,4;3,69;0,95;3,58;1,17
2014;1,55;1,91;0,85;5,37;1,28
2014;5,12;3,68;2,1;8,06;1,23
2014;7,55;6,15;3,24;1,74;3,89
2014;1,76;2,64;0,64;7,12;0,94
2014;7,33;5,54;4,16;2,11;4,65
2014;7,78;6,48;4,48;4,59;3,47
2014;7,41;6,42;4,4;4,59;3,65
2014;3,4;1,5;9,62;9,47;9,82
2014;6,75;6,09;5,44;4,94;5,06
2014;4,91;2,8;9,1;8,88;9
2014;3,42;4,71;5,82;6,19;5,25
2014;6,33;6,51;3,88;4,71;3
2014;4,52;5,21;3,72;4,06;4,24
2014;5,56;3,2;8,85;8,38;8,81
2014;3,58;4,14;5,56;4,06;5,12
2014;4,99;3,57;8,24;8,82;8
2013;6,51;3,06;9,22;9,46;9,23
2013;3,79;5,59;1,42;5,85;1,92
2013;8,97;3,31;6,72;7;7,67
2013;5,75;6,04;7,16;2,46;5,08
2013;7,54;6,46;5,03;1,92;3,77
2013;6,07;5,55;4,93;7,77;4,82
2013;8,07;4,58;6,86;2,15;7,46
2013;2,93;5,51;4,15;1,5;5,08
2013;1,04;2,6;6,34;5,69;7,62
2014;4,11;6,37;2,97;4,5;1,64
2014;3,95;4,68;2,7;7,43;3,62
2014;4,25;6,11;2,5;5,21;1,71
2014;6,86;1,5;9,41;9,07;9,69
2014;3,75;5,93;4,22;3,5;3,14
2014;5,81;3,19;7,85;4,64;8,79
2014;3,78;3,94;4,17;7,38;3
2014;6,78;6,78;5,18;1,88;6,62
2014;3,05;3,06;4,27;9,43;4,12
2014;5,78;5,31;6,56;5,5;7,38
2014;5;4,82;5,73;9;5
2014;5,65;5,38;6,31;7,71;6,29
2014;7,09;6;8,23;5;9,75
2014;7,96;5,76;7,7;5,88;7,62
2014;4,08;5,43;4,65;4,5;4,75
2014;6,38;5,61;6,61;5;7
2014;0,83;3,92;0,98;6,75;1
2014;4,42;6,06;2,99;4,25;3,38
2014;3,77;5,39;3,03;4,62;2,75
2014;3,29;5,36;2,78;4,14;2,88
2014;8,65;6,26;7,88;6,62;8,11
2014;5,32;6,11;3,92;4,71;3,71
2013;5,12;5,83;5,56;3,33;6,75
2013;6,38;6,5;5,19;4,33;7
2013;3,5;6,5;3,5;6,5;4
2013;7,5;3,75;9;9;9
2013;4,25;5,75;4,38;5;4,5
2013;6,25;6,5;4,62;5;5,5
2013;5,5;6,25;6,75;2,5;5,5
2013;0,5;4;1,88;9;1
2019;0,33;1,96;2,51;6,03;2,11
2019;7,92;4,89;7,13;5,48;8
2019;2,54;5,22;1,77;3,59;1,92
2019;7,29;2,31;9,08;8,59;9
2019;6,88;5,94;4,28;3,23;3
2019;3,08;5,11;2,95;2,62;3,08
2019;2,29;5,22;1,69;3,66;1,75
2019;2,17;5,11;2,78;2,55;3,45
2019;6,71;5,89;4,42;2,9;3,33
2019;5,58;5,72;5,21;2,42;5,75
2019;4,62;5,78;4,31;2,52;4,09
2019;8,36;4,19;4,98;3,8;4,17
2019;8,79;2,6;8,74;6,88;9,17
2019;5,68;2,33;8,22;6,46;9,23
2019;2,86;3,97;1,7;4,64;1,46
2019;7,32;5,12;6,31;3,23;6,33
2019;2,57;4;3,46;3,03;3,5
2019;5,36;6;2,07;2,87;1,31
2019;6,75;5,38;6,14;3,8;5,17
2019;1;2,29;1,96;3,93;2,67
2019;3,86;4,67;5,79;3,7;5,67
2017;2,27;5,75;1,57;6,23;1,14
2017;5,88;5,56;6,04;1,78;5,47
2017;6,79;4,72;7,48;2,99;6,95
2017;1,36;3,13;2,5;3,47;2,89
2017;8,12;2,25;9,69;9,16;9,68
2017;3,52;5,93;1,52;2,61;1,11
2017;3,67;5,62;3,74;1,82;3,42
2017;2,67;2;1,83;9,83;NA
2017;7,17;5,64;4,68;1,89;3,89
2019;1,59;4,58;0,74;5,89;1,57
2019;7,17;5,67;7,66;2,91;7,11
2019;4,5;6;2,89;2,9;2
2019;4,28;6;4,02;2,36;3,89
2019;6,69;1,73;9,6;7,86;9,62
2019;2,28;4,89;1,68;5,09;1,78
2019;6,69;1,47;9,97;8,42;10
2019;0,17;1,12;3,32;4,52;5,12
2019;5,9;5,94;4,46;1,91;6,64
2019;8;6,09;7,53;1,31;8,2
2019;2,77;4,86;2,08;4,81;2
2019;1,38;3,93;2,05;4,56;6,25
2019;1,83;4,2;2,28;4,06;3,07
2019;7,3;6,23;5,94;1,44;7
2019;3,03;4,83;2,76;3,29;6
2019;3,7;6,1;3,4;1,59;3,13
2019;2,03;4,37;1,62;5,55;2,6
2019;6,54;5,57;5,19;2,01;6,09
2019;6,77;5,05;5,06;3,95;7,43
2019;9,52;3,38;9,28;5,1;9,73
2019;3,3;4,74;2,82;4,13;6,21
2017;6,19;5,13;5,14;3,11;4
2017;1,12;2,6;2,65;4,33;2,86
2017;1,06;2,18;2,78;6,13;2,88
2017;8,31;1,43;9,38;8,89;9,62
2017;3,06;4,65;2,38;3,42;2,75
2017;2,69;4,92;1,46;3,87;1,25
2017;6,33;5,35;4,44;3,84;4
2017;8;1,85;9,18;7,38;9,4
2017;8;4,15;7,91;4,17;7
2016;2,67;4,17;2,8;3,52;3
2016;5,43;5,07;5,19;1,6;5,57
2016;3,57;4,64;3,38;2,18;3,43
2016;3;3,5;4,04;4,28;5
2016;7,8;3,67;7,82;4,44;6,25
2016;2,36;3,5;3,74;4,15;6,14
2016;3,14;4,43;3,02;3,48;2,57
2016;0,6;2,5;2,59;5,27;1,5
2016;6,14;5,64;4,66;1,55;4,71
2018;5,46;6,53;1,55;2,02;1,27
2018;3,99;3,38;4,7;6,98;4,25
2018;1,22;4,75;1,1;2,36;1,27
2018;7,72;2,48;9,19;7,81;9,76
2018;3,39;6,4;2,52;1,73;2
2018;8,24;2,79;9;8,09;9,12
2018;5,15;6,04;4,83;2,11;3,88
2018;7,39;5,1;6,79;4,35;6,41
2017;3,62;5,45;3,9;2,52;3,92
2017;9,31;1,22;9;9,57;9,83
2017;7,58;1,35;8,6;9,62;9,83
2017;2,35;5,75;1,65;3,67;1,75
2017;4,69;4,06;5,33;1,91;5,91
2017;5,69;6,61;2,5;3,11;1,5
2017;6,77;5,11;6,29;2,21;6,83
2017;2,78;2,37;3,32;4,73;4,3
2017;1,38;2,46;4,65;5,18;6,25
2017;7,88;5,3;6,61;3,01;6
2017;7,85;3,33;8,52;2,59;8,67
2017;4,77;3,63;5,5;4,52;6,38
2017;3,93;3,73;2,48;5,91;4,09
2019;3,47;6,07;2,37;4,64;3,88
2019;2,06;5,39;1,71;4,4;1,31
2019;8,21;1,07;8,58;7,65;9,25
2019;4,35;5,82;2,32;3,47;1,8
2019;7,54;1,96;7,99;4,88;8,8
2019;1,94;4,11;2,49;3,89;3
2019;3,23;6,05;2,59;3,57;4,73
2019;7,09;1,93;6,06;5,49;7,76
2019;0,81;3,08;2,67;5,38;5,5
2019;4,06;5,71;3,16;2,76;3
2019;0,75;3,18;2,65;5,43;5,5
2019;1,21;3,5;2,3;5,39;4,8
2019;3,63;5,25;2,84;5,2;3
2019;0,94;3,54;1,32;5,43;2,17
2019;8,5;5,11;6,81;3,83;7,17
2019;6,44;5,79;5,52;2,71;5,5
2019;7,8;2,5;9,3;8,37;9,9
2019;3,8;5,11;3,77;2,57;3,9
2019;6,9;5,06;7,45;4,6;7,3
2019;6,5;6,45;2,88;3,28;1,4
2019;2,5;5,22;1,55;3,57;1,3
2019;1,54;3,87;2,05;3,26;2,36
2019;5,96;4,18;5,68;2,15;6,36
2019;6,11;5,67;2,16;1,94;2,07
2019;7,79;5,61;4,64;1,89;3,86
2019;3,18;4,79;3,5;1,96;3,14
2019;3,93;5,47;1,41;3,21;1,14
2019;7;1,94;9,16;8,19;9,07
2019;6,29;3,76;6,64;3,11;6,93
2018;7,41;5,14;1,89;2,24;2
2018;7,71;5,25;5,66;2,45;5,53
2018;4;4,26;4,33;2,11;4,47
2018;7,03;1,95;8,96;7,65;9,65
2018;1,74;2,31;1;3,5;2,41
2018;3,62;3,59;0,93;2,9;1,06
2018;6,82;6,2;3,34;2,13;2,53
2018;7,53;5,06;6,22;3,22;6,24
2017;6,1;5,95;5,91;2,96;5,85
2017;6,41;3,62;9,38;7,57;8,84
2017;7,7;6,18;4,74;3,32;3,68
2017;4,83;5,42;3,86;3,13;5,11
2017;3,12;4,18;6,74;4,29;7,1
2017;5,47;3,63;7,95;6,95;7,94
2017;5;3,99;5,91;7,67;5,88
2017;6,41;6,25;3,14;3,2;2,11
2017;5,17;2,11;9,7;8,55;9,55
2017;5,85;2,99;9,57;7,62;9,5
2017;5,71;5,52;6,74;3,6;5,89
2017;7,37;5,92;4,32;2,63;3,63
2017;1,09;2,2;8,03;6,24;7,96
2017;4,31;5,49;2,65;4,81;2,15
2017;7,74;4,16;7,5;3,35;7,22
2017;4,6;4,42;6,97;5,19;6,59
2017;6,42;5,79;4,27;3,1;3,83
2017;6,76;2,01;9,68;8,97;9,74
2017;2,67;5,1;5,45;4,14;5,3
2019;7,31;4,94;7,51;3,74;8
2019;6,96;6,03;3,87;1,62;3,08
2019;5,5;5,85;2,41;3,24;1,85
2019;3,23;5,82;2,61;2,18;1,92
2019;6,58;2,3;8,92;8,03;9,54
2019;4,12;5,04;4,44;2,87;5,23
2018;5,17;6,48;2,4;3,38;2,14
2018;3,83;5,17;3,9;3,85;3,73
2018;4;6,32;2,85;3,19;2,2
2018;6,03;3,7;8,89;7,29;9,8
2018;3,7;5,65;4,17;3,51;3,93
2018;5,93;3,65;8,43;6,33;9,2
2018;4,12;6,4;1,75;3,54;1,86
2018;6,31;5,19;6,17;3,64;6,2
2018;5,86;6,51;3,07;3,07;2,75
2018;5,64;4,46;6,98;3,36;7,09
2018;3,73;4,48;4,27;3,52;2,92
2018;7,05;6,29;4,75;2,16;5,17
2018;5,35;5,12;6,05;5,56;5,83
2018;6,73;5,5;7,5;4,67;7,67
2018;7,27;4,58;9,36;4,59;9,92
2018;2,74;3,88;3,45;4;2,5
2016;5,45;3,55;7,98;5,31;8
2016;4,56;3,24;8,16;6,42;8,62
2016;4,55;4,78;7,01;4,33;7,91
2016;7,55;5,62;3,05;2,03;3,18
2016;4,91;4,61;6,25;3,85;6,2
2016;4,17;4,8;4,39;3,27;4,75
2016;6,95;5,55;5,98;2,52;7,09
2016;4,45;4,3;6,12;4,22;8,18
2016;4,67;5,93;3,17;4,54;3,12
2016;2,59;5,18;3,68;2,39;3,73
2019;2,7;5,95;1,31;3,74;0,79
2019;4,81;4,53;6,44;3,96;6,8
2019;5,98;5,93;4,61;2,83;4,1
2019;5,25;3,3;8,67;6,86;9,1
2019;9,29;2,46;9,49;8,27;9,79
2019;6,93;3,59;7,75;7,78;7,89
2019;6,41;6,22;3,25;2,91;2,68
2019;3,64;5,69;3,44;2,79;2,9
2019;1,29;5,46;1,32;4,29;1,11
2016;6,48;6,25;3,48;4,62;2,5
2016;3,52;4,31;6,28;2,72;8,12
2016;7,16;5,86;5,39;3,04;5,88
2016;4,41;4,93;5,52;3,02;6,62
2016;6,13;5,05;5,52;2,3;5,67
2016;5,78;5,64;4,16;2,02;4,21
2016;7,21;5,26;6,68;4,34;7
2016;6,75;6;5,23;3,44;4
2016;6,62;1,57;9,95;7,97;10
2016;5,47;5,47;3,47;2,92;3,2
2016;6,31;6,13;3,98;2,94;3,69
2016;4,41;6,38;1,85;2,46;1,12
2016;3,88;4,5;8,25;4,35;8
2016;6,41;4,75;6,55;3,6;6,5
2016;6;3,01;8,55;7,25;8,38
2016;6,29;4,37;6,85;7,31;6,53
2016;5,94;2,7;9,24;4,93;9,5
2016;7,56;4,54;5,93;4,06;4,73
2016;5,73;6,34;2,74;2,55;1,69
2016;5,73;5,31;4,67;3,65;4,15
2018;4,96;5,5;4,53;3,51;3,67
2018;4,29;5,37;3,69;3,53;3,33
2018;3,53;4,75;4,65;3,65;4,57
2018;4,5;5,13;4,48;3,8;3,93
2018;8,07;5,07;8,83;6,64;8,27
2018;0,71;3,13;0,94;5,41;0,87
2018;2,82;5,13;2,61;3,56;2,33
2018;7,43;5,63;7,69;5,17;7
2018;7,51;2,69;9,22;7,23;9,27
2016;6,74;3;8,36;4,64;8,7
2016;4,11;4,46;4,64;2,35;4,36
2016;6,8;2,99;8,44;6,19;8,65
2016;5,29;5,9;3,17;1,26;2,38
2016;7,63;2,33;9,33;6,32;9,55
2016;3,62;5,68;3,19;1,61;2,71
2016;2,91;4,88;2,13;1,72;2,82
2016;3,99;1,82;5,93;6,84;5,36
2016;3,58;4,37;4,66;1,79;4,57
2016;5,32;5,62;3,78;1,86;3,52
2016;5,85;5,5;7,08;1,49;7,58
2016;4,65;4,46;5,41;2,55;5,55
2016;6,15;5,55;4,08;1,85;3,86
2016;4,26;6,13;1,93;1,66;1,22
2017;6,29;5,29;6,06;4,1;5
2017;6,29;4,86;4,43;3,05;2,71
2018;5,75;6,5;4,88;1,33;5
2018;7,5;5,75;7;4,33;7,5
2018;5,25;5,75;5,75;4,67;6
2018;4,5;6,5;3,62;2;4
2018;5,5;6,75;4;1,17;4,5
2018;4;6,5;3,62;1,33;4,5
2018;1,5;5,25;2,38;3,83;2,5
2016;4,5;3,5;4,88;3,67;4
2016;7,75;6;6,5;2,67;5,5
2016;7;3,5;7,62;5,33;6,5
2016;4,5;4;5,75;3,67;4,5
2016;4,25;3,5;4,25;4;4
2016;5,75;4,5;5,62;3,17;5,5
2016;8,75;3;9,62;7,17;10
2016;2,75;4;2,5;3,83;2,5
2024;2,5;4,25;2,47;2,8;3,75
2024;4,2;4,75;3,27;3,06;3,75
2024;2,44;5,25;1,63;3,07;1,75
2024;2,6;5,25;1,71;3,11;1,75
2024;7,72;6;4,81;3,96;4
2024;6,67;6,25;3,41;2,67;2,75
2024;5,44;5,75;4,5;3,12;4,67
2024;5,65;5,75;4,84;2,28;5,25
2024;7,5;5;5,71;4,28;7,5
2024;5,75;5,5;3,08;3,17;3
2024;8,1;2,25;8,24;8,46;9,25
2024;0,8;1,75;2,49;5,74;4,75
2022;4,05;4,67;4,96;4,44;7
2022;5,23;6,12;2,39;1,89;2
2022;7;5,29;5,59;3,25;7,33
2022;2,73;4,46;3,09;3,25;5,5
2022;6,59;5,5;5,19;3,83;6,67
2022;1,32;2,17;1,96;3,58;3,5
2022;6,77;2,17;7,25;7,33;8,83
2022;8,09;4,79;4,82;4,39;5,17
2022;2,18;3,88;1,88;3,72;2
2022;8,36;2,83;7,41;7,78;8,83
2022;5,59;5,67;4,63;2,75;4,67
2022;7,14;2,88;6,82;7,42;8,83
2021;6,58;5,17;5,93;3,38;5,86
2021;3,47;5,12;3,51;2,24;3,29
2021;6,82;5,42;3,89;3,26;2,71
2021;3,21;5,7;1,73;3,11;1,29
2021;1,39;2,61;1,94;4,74;1,71
2021;7,17;4,08;6,51;4,54;6,5
2021;8,45;1,8;8,69;8,92;9,57
2021;3,2;1,99;6,36;7,79;6,86
2021;6,6;3,88;6,64;6,41;6,67
2023;4,25;5,75;3,74;2,67;3,43
2023;7,15;5,75;5,69;1,42;5,86
2023;3,1;4,25;1,74;5,17;3,14
2023;0,45;1,5;4,94;5,25;6,57
2023;7,7;2,25;9,41;8,56;9,57
2023;7,43;2,25;9,6;7,06;9,71
2023;2,78;2;2,14;6,78;5
2023;8,72;2,75;9,61;6,89;9,83
2023;7,58;1,5;9,53;9,08;9,71
2023;3,88;5,6;2,55;1,88;4,12
2023;7,22;4,5;5,98;2,37;6,38
2023;1,67;3,1;2,05;3,86;2,25
2023;6,16;5,8;4,23;2,83;5,71
2023;3,13;5,3;2,59;3,86;5,14
2023;2,71;4,2;2,45;3,55;4,86
2023;5,93;5,6;4,61;3,62;5,4
2023;2,44;4,6;2,42;3,65;5
2023;1,59;3,1;1,38;5,25;2,38
2023;9,19;2,6;8,85;7,13;9,62
2023;6,47;5,4;4,94;5,02;6,57
2023;2,29;4,1;1,59;4,42;2,12
2023;8,68;2;8,14;8,51;9
2023;7,35;5,6;5,68;2,98;7,14
2024;1,5;2,75;2,81;4,72;3,25
2024;3,41;5;2,44;3,25;2,75
2024;2,3;4,25;1,18;3,61;0,67
2024;7,77;4;7,35;5,17;8,33
2024;7,41;1,5;8,23;8,58;10
2024;5,53;5,38;4,31;2,39;3,33
2024;6,23;5,5;4,11;2,99;4
2024;0,86;2,88;1,33;4,97;3
2024;9,03;2,25;9,46;8,31;10
2024;6,7;5,88;5,24;2,72;5
2024;5,27;4,67;4,28;2,33;5,33
2024;6,15;5,21;3,79;1,97;4,83
2024;3,46;3,75;2,58;3,07;3,5
2024;3,62;3,71;2,47;3,29;2,67
2024;2,58;2,25;3,96;4,58;6,83
2024;1;2,04;1,66;5,64;2,5
2024;2,81;2,92;2,38;4,5;3
2024;5,67;2,17;7,21;5,51;7,33
2022;7,73;2,43;8,78;7,85;9,12
2022;7,07;5,6;6,39;4,25;6,62
2022;4,96;5,25;4,33;1,71;5,75
2022;4,8;6,67;1,42;2;0,5
2022;2,93;6,03;1,2;2,18;1,5
2022;1,31;3,38;0,65;3,19;0,86
2022;7,43;3,68;8,81;7,1;9,5
2022;3,1;3,2;3,72;5,43;4,38
2022;4,82;6,2;2,86;1,59;2,5
2022;2,18;3,6;1,07;2,53;0,88
2023;5,75;5,5;5,32;1,89;5,33
2023;2,96;5,58;2;1,44;3,67
2023;7,67;5,88;5,43;3,32;5,67
2023;5,08;6,5;1,73;1,63;4
2023;2,5;5,58;1,29;1,59;4,33
2023;7,6;2,58;9,12;2,43;5,67
2023;1,25;2,62;4,11;3,73;4,33
2023;4,46;4,25;4,95;1,69;3,67
2023;7,71;1,17;7,57;7,97;6
2023;1,89;2,75;1,8;2,38;2,33
2023;3,74;3,75;4,21;2,58;2,33
2023;9,32;1;8,99;8,18;6,67
2023;4,62;7;1,37;1,54;4
2023;7,38;3,33;6,35;6;5,33
2023;6,29;4,38;5,59;3,96;5,67
2024;7,55;1,71;5,77;4,25;7,55
2024;3,71;4,04;2,76;2,28;3,55
2024;4,07;5,47;2,21;3,3;2,18
2024;3,21;6,12;2,01;3,66;4,78
2024;3,02;6,25;2,89;3,36;5
2024;2,07;5,25;1,58;3,85;1,64
2024;8,81;1;8,12;7,6;9,82
2024;0,89;1,62;2,83;4;4,75
2024;7,5;4,62;7,24;1,53;7,5
2024;4,18;5,88;2,06;1,5;1,5
2024;6,82;6;5,36;1,32;4,5
2024;1,32;2,5;0,93;4,14;1
2024;3,4;3,75;1,61;3,02;2,25
2024;3,35;4;1,41;3,14;1,75
2024;7,5;5,75;2,91;2,04;2,25
2024;8,68;2,12;9,06;7,49;9,25
2024;2,96;4,17;3,47;3,09;3,86
2024;7,08;4,62;6,92;4,33;6,57
2024;7,96;1,67;8,96;9,19;10
2024;2,67;4,62;1,22;2,04;0,43
2024;6,67;6,62;2,33;2,37;1,14
2023;3,36;5,5;2,81;2,05;3,2
2023;7,91;5,7;4,46;1,6;2,8
2023;5,77;3,95;5,44;2,65;5,8
2023;1,59;5,3;1,58;3,31;2,6
2023;8,18;1,95;8,67;7,37;8,6
2023;6,68;5,65;2,63;1,7;3,2
2023;4;5,55;1,29;2,43;1,6
2023;7,27;3,38;7,68;2,62;7,2
2023;7,83;4,5;5,03;3,8;3,5
2023;7;4,5;4,25;2;5
2022;1,74;3;1,75;3,71;2,1
2022;3,71;4,86;3,85;2,1;4,5
2022;6,89;5,42;2,4;2,28;2,9
2022;7,03;5,99;4,12;2,61;3,9
2022;7,74;5,17;5,83;2,85;7,1
2022;7,63;4,54;6,77;4,51;7,2
2022;2,95;4,17;1,45;3,16;1,7
2022;7,42;2,33;7,82;7,49;9,5
2024;7,15;6,34;5,62;2,07;4,6
2024;3,29;3,63;7,21;3,81;7,73
2024;4,8;5,42;4,48;2,43;3,3
2024;6,54;6,12;5,53;2,52;5,09
2024;6,53;6,34;3,48;2,18;2
2024;5,88;3,28;7,82;6,76;7,1
2024;6,02;1,36;9,29;7,98;9,91
2024;5,11;6,29;3,46;2,44;2,27
2024;5,35;5,45;4,53;3,09;3,56
2024;5,01;2,31;8,29;7,02;8,56
2024;5,27;2,32;8,59;7,46;8,7
2021;2,58;4,1;4,49;4,33;5,21
2021;7,18;4,25;6,59;2,4;6,5
2021;0,92;1,83;7,84;6,66;8,75
2021;5,68;4,96;6,91;3,01;5,95
2021;7,08;5,88;4,09;2,15;3,4
2021;4,01;3,32;7,27;5,98;7,85
2021;4,32;5,99;2,08;4,18;1,6
2021;6,43;2,17;9,32;8,71;9,85
2021;5,83;5,75;4;2,53;3,2
2021;6,75;2,23;8,27;7,44;8,44
2021;7,92;2,34;8,83;7,39;9
2023;7,39;4,67;8,04;4,3;7,43
2023;3,92;4,58;4,69;3,65;4,33
2023;7;6,27;4,03;1,24;4,29
2023;3,24;5,87;2,34;2,29;2,86
2023;7,39;2,13;9,3;7,46;8,43
2023;6,68;5,98;2,98;2,42;3,14
2023;8,31;5,5;5,24;3,92;4,2
2023;1,32;1,88;3,46;5,67;4
2022;2,91;5,62;3,68;2,65;4
2022;6,16;3,25;8,54;4,56;10
2022;5,59;4,33;6,75;4;6,17
2022;3,7;4,75;2,88;3,83;3,29
2022;4,14;6,07;3,48;2,74;2,43
2022;4,69;6,31;1,55;3,91;1,43
2022;3,61;5,7;1,68;4,61;2
2022;6,96;2,17;8,26;5,93;10
2022;5,82;5,42;4,87;4,94;6
2022;2,74;3,1;4,24;5,14;4,56
2022;5,59;5;5,96;3,47;7
2022;6,8;4,78;7,95;4,99;8,75
2022;3,28;5,25;3,88;4,53;4,18
2022;6,04;6,37;4,11;1,7;5,9
2022;6,03;4,9;6,24;3,79;7,09
2022;5,45;6,5;2,89;2,82;2,9
2022;3,82;3,83;4,91;5,63;5,09
2022;6,39;3,99;6,05;6,29;6,2
2022;2,7;6,46;1,95;3,65;1,91
2024;3,66;5,6;4,7;3,35;5,4
2024;6,15;5,4;4,56;2,51;5,4
2024;5,15;4,38;7,5;5,48;8,2
2024;5,27;4,33;6,72;5,78;7,8
2024;7,11;5,25;3,2;2,47;4
2024;7,16;5,5;1,81;2,06;3,4
2024;5,97;4,12;7,74;6,93;7,5
2024;4,63;5,12;5,04;3,87;5,25
2024;6,53;3,8;8,68;7,08;9,2
2024;5,93;4,75;5,21;5,39;5,33
2023;2,36;5,83;1,82;2,97;1,56
2023;5,55;5,6;4,23;2,74;3,56
2023;5,08;2,9;8,72;6,52;9,06
2023;5,35;4,11;7,11;4,1;6,75
2023;9,18;2,96;9,6;8,4;9,81
2023;0,95;5,05;1,05;4,18;0,88
2023;5,96;5,56;4,8;3,37;4,06
2024;4,11;4,99;5,43;1,28;6,56
2024;6,55;5,45;5,05;1,22;5,3
2024;5,51;4,85;4,28;1,81;5
2024;6,43;5,86;3,79;3,1;3,7
2024;6,89;2,17;8,9;7,28;8,9
2024;6,69;1,58;9,02;7,85;9,7
2024;7,08;1,83;9,01;8,75;10
2023;3,6;3,5;8,66;5,85;8,5
2023;6,31;5,36;7,05;3,65;7,88
2023;6,45;3,02;9,19;5,7;9,75
2023;7,39;5,45;4,18;3,24;3
2023;5,61;4,76;6,49;6,11;6,38
2023;4,8;6,5;1,48;2,16;1,25
2023;6,12;3,88;6,45;5,22;7,5
2023;3,79;4,44;6,25;4,58;6
2023;7,08;2,4;9,53;7,05;9,88
2023;8,28;4,62;8,63;5,63;9
2023;2,95;5,54;2,73;3,04;2,5
2023;7,51;5,29;8,06;5,16;8
2023;1,05;3,79;1,34;4,21;0,5
2023;3,57;6,08;2,89;2,87;2,75
2023;3,45;4,17;3,33;3,67;2,5
2023;7,89;1,75;8,19;7,08;7,67
2023;7,39;4,21;8,09;5,11;8,5
2024;5,52;5,07;5,72;1,74;5,8
2024;3,63;4,78;3,11;2,69;3,4
2024;4,58;5,52;2,83;2,32;1,4
2024;3,36;4,2;3,1;2,07;2,6
2024;6,92;2,25;8,17;6,91;8,8
2024;2,31;4,55;1,3;4,03;0,2
2024;5,55;5,42;3,03;3,02;1,8
2024;7,62;2;9,01;5,89;9,8
2023;7,43;NA;6,88;5,08;8,43
2023;3,5;NA;4,83;5,16;4,43
2023;7,57;NA;8,26;4,69;10
2023;5,79;NA;7,32;5,08;6,86
2023;2,33;NA;2,27;6,74;1
2023;7,65;NA;8,49;5,86;8,57
2023;0,64;NA;2,77;6,92;0,86
2021;3,69;NA;3,35;2,72;4,71
2021;7,73;NA;6,73;7,86;8,71
2021;6,73;NA;3,83;2,44;4,29
2021;1,88;NA;1,39;3,17;1,57
2021;4,81;NA;4,96;5,44;8,14
2021;5,58;NA;5,25;3;6,43
2021;6;NA;1,94;1,92;1,43
2021;4,08;NA;1,78;2,39;1,71
2021;0,54;NA;1,53;4,44;3
2023;8,67;NA;8,78;8,71;9,29
2023;1,63;NA;1,08;4,19;1,43
2023;7,9;NA;5,7;5;5,71
2023;5,33;NA;5,67;4,64;5,71
2023;1,3;NA;0,68;4,1;1
2023;5,43;NA;2,36;3,71;1,14
2023;5,36;NA;6,71;3,84;6,6
2023;7,99;NA;8,87;5,07;9
2023;7,77;NA;8,74;7,79;9
2023;7,04;NA;8,38;7,18;8,5
2022;6;4,5;4,75;4,5;7
2022;5,33;6;5,92;4,5;7
2021;7,6;6,25;5,47;3,14;7
2021;2,1;3,5;2,38;3,42;3
2021;5,5;5,5;5,75;3,31;6,5
2021;4,9;6;6,73;3,33;7,5
2021;4,2;5;3,57;3,25;5
2021;7;2,5;8,98;8,17;9,5
2021;5,1;5,5;5,96;3,14;6,5
2021;7,42;NA;4;0,94;7,5
2021;2,42;NA;1,43;0,83;3,5
2021;5,33;NA;3,42;0,5;8
2021;8,42;NA;6,33;4,44;9,5
2021;3,75;NA;1,97;1,44;3
2021;3,5;NA;0,93;4,61;2,5
2021;6,08;NA;1,56;0,94;1,5
2021;3,25;NA;4,72;3,94;8
