"country","year","expert","party_id","party","vote","seat","electionyear","epvote","family","govt","eu_position","eu_salience","eu_dissent","eu_blur","eu_ep","eu_intmark","eu_cohesion","eu_foreign","lrgen","lrecon","galtan","galtan_salience","sociallifestyle","religious_principles","immigrate_policy","immigrate_salience","immigrate_dissent","multiculturalism","multicult_salience","multicult_dissent","ethnic_minorities","ethnic_salience","anti_islam_rhetoric","people_vs_elite","antielite_salience","variavel","valor"
3,2019,21,301,"CDU",26.8,28.200001,2017,22.6,4,1,6.2857141494751,6.8571429,2.6363637,3.5555556,NA,6.47368431091309,5.25,4.64705896377563,5.85714292526245,5.90476179122925,5.85714292526245,6.2380953,5.10526323318481,6.40000009536743,6,6.90000009536743,6.3499999,7.0500002,7.0999999,5.1052632,6,NA,2.8823528,1.7,0.75,"ideology",5.88095235824585
3,2019,21,301,"CDU",26.8,28.200001,2017,22.6,4,1,6.2857141494751,6.8571429,2.6363637,3.5555556,NA,6.47368431091309,5.25,4.64705896377563,5.85714292526245,5.90476179122925,5.85714292526245,6.2380953,5.10526323318481,6.40000009536743,6,6.90000009536743,6.3499999,7.0500002,7.0999999,5.1052632,6,NA,2.8823528,1.7,0.75,"spec_eu",5.56037163734436
3,2019,21,301,"CDU",26.8,28.200001,2017,22.6,4,1,6.2857141494751,6.8571429,2.6363637,3.5555556,NA,6.47368431091309,5.25,4.64705896377563,5.85714292526245,5.90476179122925,5.85714292526245,6.2380953,5.10526323318481,6.40000009536743,6,6.90000009536743,6.3499999,7.0500002,7.0999999,5.1052632,6,NA,2.8823528,1.7,0.75,"policy",3.9611841417038
3,2019,21,301,"CDU",26.8,28.200001,2017,22.6,4,1,6.2857141494751,6.8571429,2.6363637,3.5555556,NA,6.47368431091309,5.25,4.64705896377563,5.85714292526245,5.90476179122925,5.85714292526245,6.2380953,5.10526323318481,6.40000009536743,6,6.90000009536743,6.3499999,7.0500002,7.0999999,5.1052632,6,NA,2.8823528,1.7,0.75,"party_char",1.77745093333333
3,2019,21,301,"CDU",26.8,28.200001,2017,22.6,4,1,6.2857141494751,6.8571429,2.6363637,3.5555556,NA,6.47368431091309,5.25,4.64705896377563,5.85714292526245,5.90476179122925,5.85714292526245,6.2380953,5.10526323318481,6.40000009536743,6,6.90000009536743,6.3499999,7.0500002,7.0999999,5.1052632,6,NA,2.8823528,1.7,0.75,"nationalism",5.4736843
3,2019,21,301,"CDU",26.8,28.200001,2017,22.6,4,1,6.2857141494751,6.8571429,2.6363637,3.5555556,NA,6.47368431091309,5.25,4.64705896377563,5.85714292526245,5.90476179122925,5.85714292526245,6.2380953,5.10526323318481,6.40000009536743,6,6.90000009536743,6.3499999,7.0500002,7.0999999,5.1052632,6,NA,2.8823528,1.7,0.75,"protectionism",3.3888888
3,2019,21,308,"CSU",6.2,6.5,2017,6.3,4,1,5.68421030044556,6.5999999,3.6363637,4,NA,5.78947353363037,4.94117641448975,3.64705872535706,7.1904764175415,6.38095235824585,7.2857141494751,7.6190476,6.4210524559021,7.55000019073486,7.69999980926514,8.10000038146973,3.5,8.4499998,8.25,3,7.35294103622437,NA,4.5882354,2.8421052,1.55,"ideology",6.78571438789368
3,2019,21,308,"CSU",6.2,6.5,2017,6.3,4,1,5.68421030044556,6.5999999,3.6363637,4,NA,5.78947353363037,4.94117641448975,3.64705872535706,7.1904764175415,6.38095235824585,7.2857141494751,7.6190476,6.4210524559021,7.55000019073486,7.69999980926514,8.10000038146973,3.5,8.4499998,8.25,3,7.35294103622437,NA,4.5882354,2.8421052,1.55,"spec_eu",4.71826612949371
3,2019,21,308,"CSU",6.2,6.5,2017,6.3,4,1,5.68421030044556,6.5999999,3.6363637,4,NA,5.78947353363037,4.94117641448975,3.64705872535706,7.1904764175415,6.38095235824585,7.2857141494751,7.6190476,6.4210524559021,7.55000019073486,7.69999980926514,8.10000038146973,3.5,8.4499998,8.25,3,7.35294103622437,NA,4.5882354,2.8421052,1.55,"policy",2.5190017246521
3,2019,21,308,"CSU",6.2,6.5,2017,6.3,4,1,5.68421030044556,6.5999999,3.6363637,4,NA,5.78947353363037,4.94117641448975,3.64705872535706,7.1904764175415,6.38095235824585,7.2857141494751,7.6190476,6.4210524559021,7.55000019073486,7.69999980926514,8.10000038146973,3.5,8.4499998,8.25,3,7.35294103622437,NA,4.5882354,2.8421052,1.55,"party_char",2.99344686666667
3,2019,21,308,"CSU",6.2,6.5,2017,6.3,4,1,5.68421030044556,6.5999999,3.6363637,4,NA,5.78947353363037,4.94117641448975,3.64705872535706,7.1904764175415,6.38095235824585,7.2857141494751,7.6190476,6.4210524559021,7.55000019073486,7.69999980926514,8.10000038146973,3.5,8.4499998,8.25,3,7.35294103622437,NA,4.5882354,2.8421052,1.55,"nationalism",6.9473686
3,2019,21,308,"CSU",6.2,6.5,2017,6.3,4,1,5.68421030044556,6.5999999,3.6363637,4,NA,5.78947353363037,4.94117641448975,3.64705872535706,7.1904764175415,6.38095235824585,7.2857141494751,7.6190476,6.4210524559021,7.55000019073486,7.69999980926514,8.10000038146973,3.5,8.4499998,8.25,3,7.35294103622437,NA,4.5882354,2.8421052,1.55,"protectionism",4.1666665
3,2019,21,306,"LINKE",9.2,9.6999998,2017,5.5,6,0,4.7142858505249,4.8499999,5.090909,4.6666665,NA,3.26315784454346,5.19999980926514,3,1.42857146263123,1.28571426868439,2.80952382087708,5.2380953,1.66666662693024,1.14999997615814,2.70000004768372,6.15000009536743,5.0500002,2.7647059,5.1052632,3.4210527,2.88235282897949,NA,1.625,4.3499999,4.4499998,"ideology",1.35714286565781
3,2019,21,306,"LINKE",9.2,9.6999998,2017,5.5,6,0,4.7142858505249,4.8499999,5.090909,4.6666665,NA,3.26315784454346,5.19999980926514,3,1.42857146263123,1.28571426868439,2.80952382087708,5.2380953,1.66666662693024,1.14999997615814,2.70000004768372,6.15000009536743,5.0500002,2.7647059,5.1052632,3.4210527,2.88235282897949,NA,1.625,4.3499999,4.4499998,"spec_eu",3.13157892227173
3,2019,21,306,"LINKE",9.2,9.6999998,2017,5.5,6,0,4.7142858505249,4.8499999,5.090909,4.6666665,NA,3.26315784454346,5.19999980926514,3,1.42857146263123,1.28571426868439,2.80952382087708,5.2380953,1.66666662693024,1.14999997615814,2.70000004768372,6.15000009536743,5.0500002,2.7647059,5.1052632,3.4210527,2.88235282897949,NA,1.625,4.3499999,4.4499998,"policy",7.49656864910164
3,2019,21,306,"LINKE",9.2,9.6999998,2017,5.5,6,0,4.7142858505249,4.8499999,5.090909,4.6666665,NA,3.26315784454346,5.19999980926514,3,1.42857146263123,1.28571426868439,2.80952382087708,5.2380953,1.66666662693024,1.14999997615814,2.70000004768372,6.15000009536743,5.0500002,2.7647059,5.1052632,3.4210527,2.88235282897949,NA,1.625,4.3499999,4.4499998,"party_char",3.4749999
3,2019,21,306,"LINKE",9.2,9.6999998,2017,5.5,6,0,4.7142858505249,4.8499999,5.090909,4.6666665,NA,3.26315784454346,5.19999980926514,3,1.42857146263123,1.28571426868439,2.80952382087708,5.2380953,1.66666662693024,1.14999997615814,2.70000004768372,6.15000009536743,5.0500002,2.7647059,5.1052632,3.4210527,2.88235282897949,NA,1.625,4.3499999,4.4499998,"nationalism",2.8947368
3,2019,21,306,"LINKE",9.2,9.6999998,2017,5.5,6,0,4.7142858505249,4.8499999,5.090909,4.6666665,NA,3.26315784454346,5.19999980926514,3,1.42857146263123,1.28571426868439,2.80952382087708,5.2380953,1.66666662693024,1.14999997615814,2.70000004768372,6.15000009536743,5.0500002,2.7647059,5.1052632,3.4210527,2.88235282897949,NA,1.625,4.3499999,4.4499998,"protectionism",6.2222223
3,2019,21,310,"AfD",12.6,13.3,2017,11,1,0,1.90476191043854,6.7142859,2.909091,3,NA,3.125,3,1.375,9.2380952835083,7,9.5238094329834,9.4285717,9.10526275634766,4.29411745071411,9.89999961853027,9.80000019073486,1.05,9.9499998,9.1000004,0.94736844,9.82352924346924,NA,9.4705887,8.3157892,9.6999998,"ideology",8.11904764175415
3,2019,21,310,"AfD",12.6,13.3,2017,11,1,0,1.90476191043854,6.7142859,2.909091,3,NA,3.125,3,1.375,9.2380952835083,7,9.5238094329834,9.4285717,9.10526275634766,4.29411745071411,9.89999961853027,9.80000019073486,1.05,9.9499998,9.1000004,0.94736844,9.82352924346924,NA,9.4705887,8.3157892,9.6999998,"spec_eu",2.25
3,2019,21,310,"AfD",12.6,13.3,2017,11,1,0,1.90476191043854,6.7142859,2.909091,3,NA,3.125,3,1.375,9.2380952835083,7,9.5238094329834,9.4285717,9.10526275634766,4.29411745071411,9.89999961853027,9.80000019073486,1.05,9.9499998,9.1000004,0.94736844,9.82352924346924,NA,9.4705887,8.3157892,9.6999998,"policy",0.305302145413208
3,2019,21,310,"AfD",12.6,13.3,2017,11,1,0,1.90476191043854,6.7142859,2.909091,3,NA,3.125,3,1.375,9.2380952835083,7,9.5238094329834,9.4285717,9.10526275634766,4.29411745071411,9.89999961853027,9.80000019073486,1.05,9.9499998,9.1000004,0.94736844,9.82352924346924,NA,9.4705887,8.3157892,9.6999998,"party_char",9.1621259
3,2019,21,310,"AfD",12.6,13.3,2017,11,1,0,1.90476191043854,6.7142859,2.909091,3,NA,3.125,3,1.375,9.2380952835083,7,9.5238094329834,9.4285717,9.10526275634766,4.29411745071411,9.89999961853027,9.80000019073486,1.05,9.9499998,9.1000004,0.94736844,9.82352924346924,NA,9.4705887,8.3157892,9.6999998,"nationalism",9.6842108
3,2019,21,310,"AfD",12.6,13.3,2017,11,1,0,1.90476191043854,6.7142859,2.909091,3,NA,3.125,3,1.375,9.2380952835083,7,9.5238094329834,9.4285717,9.10526275634766,4.29411745071411,9.89999961853027,9.80000019073486,1.05,9.9499998,9.1000004,0.94736844,9.82352924346924,NA,9.4705887,8.3157892,9.6999998,"protectionism",6.6875
3,2019,21,304,"GRUNEN",8.9,9.3999996,2017,20.5,7,0,6.7619047164917,7.3333335,1.4545455,1.8888888,NA,6.16666650772095,5.80000019073486,5.6875,3.2380952835083,3.80952382087708,1.09523808956146,8.4761906,0.842105269432068,1.89999997615814,1.70000004768372,7.94999980926514,1.4,1.9,7,1.5263158,1.64705884456634,NA,1.1176471,4.9000001,1.8,"ideology",3.52380955219269
3,2019,21,304,"GRUNEN",8.9,9.3999996,2017,20.5,7,0,6.7619047164917,7.3333335,1.4545455,1.8888888,NA,6.16666650772095,5.80000019073486,5.6875,3.2380952835083,3.80952382087708,1.09523808956146,8.4761906,0.842105269432068,1.89999997615814,1.70000004768372,7.94999980926514,1.4,1.9,7,1.5263158,1.64705884456634,NA,1.1176471,4.9000001,1.8,"spec_eu",5.92708325386047
3,2019,21,304,"GRUNEN",8.9,9.3999996,2017,20.5,7,0,6.7619047164917,7.3333335,1.4545455,1.8888888,NA,6.16666650772095,5.80000019073486,5.6875,3.2380952835083,3.80952382087708,1.09523808956146,8.4761906,0.842105269432068,1.89999997615814,1.70000004768372,7.94999980926514,1.4,1.9,7,1.5263158,1.64705884456634,NA,1.1176471,4.9000001,1.8,"policy",8.47770895957947
3,2019,21,304,"GRUNEN",8.9,9.3999996,2017,20.5,7,0,6.7619047164917,7.3333335,1.4545455,1.8888888,NA,6.16666650772095,5.80000019073486,5.6875,3.2380952835083,3.80952382087708,1.09523808956146,8.4761906,0.842105269432068,1.89999997615814,1.70000004768372,7.94999980926514,1.4,1.9,7,1.5263158,1.64705884456634,NA,1.1176471,4.9000001,1.8,"party_char",2.6058824
3,2019,21,304,"GRUNEN",8.9,9.3999996,2017,20.5,7,0,6.7619047164917,7.3333335,1.4545455,1.8888888,NA,6.16666650772095,5.80000019073486,5.6875,3.2380952835083,3.80952382087708,1.09523808956146,8.4761906,0.842105269432068,1.89999997615814,1.70000004768372,7.94999980926514,1.4,1.9,7,1.5263158,1.64705884456634,NA,1.1176471,4.9000001,1.8,"nationalism",1.1052631
3,2019,21,304,"GRUNEN",8.9,9.3999996,2017,20.5,7,0,6.7619047164917,7.3333335,1.4545455,1.8888888,NA,6.16666650772095,5.80000019073486,5.6875,3.2380952835083,3.80952382087708,1.09523808956146,8.4761906,0.842105269432068,1.89999997615814,1.70000004768372,7.94999980926514,1.4,1.9,7,1.5263158,1.64705884456634,NA,1.1176471,4.9000001,1.8,"protectionism",3.8823528
3,2019,21,302,"SPD",20.5,21.6,2017,15.8,5,1,6.5238094329834,6.8571429,2.3636363,2.7777777,NA,5.94736862182617,5.4375,5.29411745071411,3.61904764175415,3.71428561210632,3.38095235824585,5.4761906,2.63157892227173,2.84999990463257,4.15000009536743,5.40000009536743,4.2631578,4.25,5.75,3.8947368,3.94117641448975,NA,1.6470588,2.45,1.35,"ideology",3.66666662693024
3,2019,21,302,"SPD",20.5,21.6,2017,15.8,5,1,6.5238094329834,6.8571429,2.3636363,2.7777777,NA,5.94736862182617,5.4375,5.29411745071411,3.61904764175415,3.71428561210632,3.38095235824585,5.4761906,2.63157892227173,2.84999990463257,4.15000009536743,5.40000009536743,4.2631578,4.25,5.75,3.8947368,3.94117641448975,NA,1.6470588,2.45,1.35,"spec_eu",5.62074303627014
3,2019,21,302,"SPD",20.5,21.6,2017,15.8,5,1,6.5238094329834,6.8571429,2.3636363,2.7777777,NA,5.94736862182617,5.4375,5.29411745071411,3.61904764175415,3.71428561210632,3.38095235824585,5.4761906,2.63157892227173,2.84999990463257,4.15000009536743,5.40000009536743,4.2631578,4.25,5.75,3.8947368,3.94117641448975,NA,1.6470588,2.45,1.35,"policy",6.25681114196777
3,2019,21,302,"SPD",20.5,21.6,2017,15.8,5,1,6.5238094329834,6.8571429,2.3636363,2.7777777,NA,5.94736862182617,5.4375,5.29411745071411,3.61904764175415,3.71428561210632,3.38095235824585,5.4761906,2.63157892227173,2.84999990463257,4.15000009536743,5.40000009536743,4.2631578,4.25,5.75,3.8947368,3.94117641448975,NA,1.6470588,2.45,1.35,"party_char",1.81568626666667
3,2019,21,302,"SPD",20.5,21.6,2017,15.8,5,1,6.5238094329834,6.8571429,2.3636363,2.7777777,NA,5.94736862182617,5.4375,5.29411745071411,3.61904764175415,3.71428561210632,3.38095235824585,5.4761906,2.63157892227173,2.84999990463257,4.15000009536743,5.40000009536743,4.2631578,4.25,5.75,3.8947368,3.94117641448975,NA,1.6470588,2.45,1.35,"nationalism",3.4210527
3,2019,21,302,"SPD",20.5,21.6,2017,15.8,5,1,6.5238094329834,6.8571429,2.3636363,2.7777777,NA,5.94736862182617,5.4375,5.29411745071411,3.61904764175415,3.71428561210632,3.38095235824585,5.4761906,2.63157892227173,2.84999990463257,4.15000009536743,5.40000009536743,4.2631578,4.25,5.75,3.8947368,3.94117641448975,NA,1.6470588,2.45,1.35,"protectionism",4.2222223
3,2019,21,303,"FDP",10.7,11.3,2017,5.4,3,0,5.7619047164917,5.6666665,3.7272727,4.1111112,NA,6.78947353363037,3.82352948188782,4.5,6.42857122421265,7.90476179122925,3.42857146263123,5.0476189,2.26315784454346,1.85000002384186,5.94999980926514,5.05000019073486,3.3684211,5.7647057,4.7222223,3.2777777,4.75,NA,2.0588236,2.3499999,1.25,"ideology",7.16666650772095
3,2019,21,303,"FDP",10.7,11.3,2017,5.4,3,0,5.7619047164917,5.6666665,3.7272727,4.1111112,NA,6.78947353363037,3.82352948188782,4.5,6.42857122421265,7.90476179122925,3.42857146263123,5.0476189,2.26315784454346,1.85000002384186,5.94999980926514,5.05000019073486,3.3684211,5.7647057,4.7222223,3.2777777,4.75,NA,2.0588236,2.3499999,1.25,"spec_eu",5.64473676681519
3,2019,21,303,"FDP",10.7,11.3,2017,5.4,3,0,5.7619047164917,5.6666665,3.7272727,4.1111112,NA,6.78947353363037,3.82352948188782,4.5,6.42857122421265,7.90476179122925,3.42857146263123,5.0476189,2.26315784454346,1.85000002384186,5.94999980926514,5.05000019073486,3.3684211,5.7647057,4.7222223,3.2777777,4.75,NA,2.0588236,2.3499999,1.25,"policy",5.31803416154785
3,2019,21,303,"FDP",10.7,11.3,2017,5.4,3,0,5.7619047164917,5.6666665,3.7272727,4.1111112,NA,6.78947353363037,3.82352948188782,4.5,6.42857122421265,7.90476179122925,3.42857146263123,5.0476189,2.26315784454346,1.85000002384186,5.94999980926514,5.05000019073486,3.3684211,5.7647057,4.7222223,3.2777777,4.75,NA,2.0588236,2.3499999,1.25,"party_char",1.8862745
3,2019,21,303,"FDP",10.7,11.3,2017,5.4,3,0,5.7619047164917,5.6666665,3.7272727,4.1111112,NA,6.78947353363037,3.82352948188782,4.5,6.42857122421265,7.90476179122925,3.42857146263123,5.0476189,2.26315784454346,1.85000002384186,5.94999980926514,5.05000019073486,3.3684211,5.7647057,4.7222223,3.2777777,4.75,NA,2.0588236,2.3499999,1.25,"nationalism",3.8947368
3,2019,21,303,"FDP",10.7,11.3,2017,5.4,3,0,5.7619047164917,5.6666665,3.7272727,4.1111112,NA,6.78947353363037,3.82352948188782,4.5,6.42857122421265,7.90476179122925,3.42857146263123,5.0476189,2.26315784454346,1.85000002384186,5.94999980926514,5.05000019073486,3.3684211,5.7647057,4.7222223,3.2777777,4.75,NA,2.0588236,2.3499999,1.25,"protectionism",1.6111112
